addbrev_r,addlong_r,addmagDist_r,addmagIsch_r,addmagMid_r,addmagProx_r,bflh_r,bfsh_r,edl_r,ehl_r,fdl_r,fhl_r,gaslat_r,gasmed_r,glmax1_r,glmax2_r,glmax3_r,glmed1_r,glmed2_r,glmed3_r,glmin1_r,glmin2_r,glmin3_r,grac_r,iliacus_r,perbrev_r,perlong_r,piri_r,psoas_r,recfem_r,sart_r,semimem_r,semiten_r,soleus_r,tfl_r,tibant_r,tibpost_r,vasint_r,vaslat_r,vasmed_r,addbrev_l,addlong_l,addmagDist_l,addmagIsch_l,addmagMid_l,addmagProx_l,bflh_l,bfsh_l,edl_l,ehl_l,fdl_l,fhl_l,gaslat_l,gasmed_l,glmax1_l,glmax2_l,glmax3_l,glmed1_l,glmed2_l,glmed3_l,glmin1_l,glmin2_l,glmin3_l,grac_l,iliacus_l,perbrev_l,perlong_l,piri_l,psoas_l,recfem_l,sart_l,semimem_l,semiten_l,soleus_l,tfl_l,tibant_l,tibpost_l,vasint_l,vaslat_l,vasmed_l
0,0,0,0,0,0,0.005450192487871387,0,0,0,0,0,0.09981529576735232,0.3831298933124214,0,0,0,0,0,0,0,0,0,0,0,0,0,0,0,0.033747235726593126,0,0,0.005861248749545771,0,0,0.014478060490497397,0,0,0.07738759379310785,0.020512126511431916,0,0,0,0,0,0,0.0047851576351241,0,0,0,0,0,0.02602073750030579,0.033764717957888025,0,0,0,0,0,0,0,0,0,0,0,0,0,0,0,0.025900070038114485,0,0,0.0538053589279484,0,0,0.044267943727984434,0,0,0.003499332599945796,0.05839192250572473
0,0,0,0,0,0,0.005592168521674067,0,0,0,0,0,0.1036287524598625,0.39313133115553867,0,0,0,0,0,0,0,0,0,0,0,0,0,0,0,0.033026546519359365,0,0,0.005942310924636246,0,0,0.01628443646491268,0,0,0.07930429375825014,0.020791225348247292,0,0,0,0,0,0,0.005464220745622367,0,0,0,0,0,0.03615809951970269,0.02803459387621164,0,0,0,0,0,0,0,0,0,0,0,0,0,0,0,0.024005046188920836,0,0,0.059866406668620205,0,0,0.046699132390003055,0,0,0.0016852256117207774,0.06308519012870561
0,0,0,0,0,0,0.005801112242744554,0,0,0,0,0,0.10749586547800148,0.40066359227198645,0,0,0,0,0,0,0,0,0,0,0,0,0,0,0,0.03311927188254064,0,0,0.00609711626698063,0,0,0.01783748233316984,0,0,0.08098714123280897,0.021392019220899984,0,0,0,0,0,0,0.0063115069476449865,0,0,0,0,0,0.047831169928007,0.02317477096784342,0,0,0,0,0,0,0,0,0,0,0,0,0,0,0,0.02249199278136693,0,0,0.06607239210231707,0,0,0.050744274473402795,0,0,0.0005572441082902082,0.0682470702965086
0,0,0,0,0,0,0.0060547238914162894,0,0,0,0,0,0.1113024109367384,0.4055951439487389,0,0,0,0,0,0,0,0,0,0,0,0,0,0,0,0.0339112694453795,0,0,0.006308976043089955,0,0,0.019111683199146526,0,0,0.08237977800033137,0.022197476801778217,0,0,0,0,0,0,0.007309169864367929,0,0,0,0,0,0.06078566020057036,0.019233010821890172,0,0,0,0,0,0,0,0,0,0,0,0,0,0,0,0.021697952901659226,0,0,0.07234735699248311,0,0,0.056540510902528526,0,0,0.0004650040308529189,0.07383003972583585
0,0,0,0,0,0,0.006330595406807559,0,0,0,0,0,0.11493179143827469,0.4077963998585946,0,0,0,0,0,0,0,0,0,0,0,0,0,0,0,0.03527320325725211,0,0,0.006561736581429885,0,0,0.020098070437558183,0,0,0.08343672607225701,0.023098027390490085,0,0,0,0,0,0,0.008433823906614445,0,0,0,0,0,0.07467534007087427,0.016204757947738898,0,0,0,0,0,0,0,0,0,0,0,0,0,0,0,0.022007668962572186,0,0,0.07861375227999008,0,0,0.0641506800061423,0,0,0.0017967217371615484,0.07981560436373739
0,0,0,0,0,0,0.006607196312317517,0,0,0,0,0,0.11827275354539475,0.4071500116993902,0,0,0,0,0,0,0,0,0,0,0,0,0,0,0,0.03706432827960059,0,0,0.006840374462493256,0,0,0.02079837353258058,0,0,0.08411722842841315,0.02399394604602183,0,0,0,0,0,0,0.009656475599638304,0,0,0,0,0,0.08907232418960574,0.014042024833183963,0,0,0,0,0,0,0,0,0,0,0,0,0,0,0,0.023840669555587155,0,0,0.08479388760613614,0,0,0.07354762581267364,0,0,0.004963226015726314,0.08621728454120306
0,0,0,0,0,0,0.006864855689113945,0,0,0,0,0,0.12122689028285123,0.4035664653965859,0,0,0,0,0,0,0,0,0,0,0,0,0,0,0,0.0391361891861833,0,0,0.007131430969771153,0,0,0.021219503141213892,0,0,0.08438034843397497,0.024797628977867518,0,0,0,0,0,0,0.010942604122071698,0,0,0,0,0,0.10348491138879741,0.012664056319949045,0,0,0,0,0,0,0,0,0,0,0,0,0,0,0,0.02763440087182893,0,0,0.09081035296004032,0,0,0.08460562481230896,0,0,0.010377212809377909,0.09308046251083336
0,0,0,0,0,0,0.007086692643926062,0,0,0,0,0,0.12371534489237482,0.39700008374677165,0,0,0,0,0,0,0,0,0,0,0,0,0,0,0,0.04133654659207055,0,0,0.0074232920892578595,0,0,0.021368916248191615,0,0,0.08418257652593673,0.025435836523526042,0,0,0,0,0,0,0.012252561418404096,0,0,0,0,0,0.11738279066935503,0.011968700602327766,0,0,0,0,0,0,0,0,0,0,0,0,0,0,0,0.033823999763817836,0,0,0.09658538068779877,0,0,0.09710002998967378,0,0,0.018428796569518676,0.10047896171448781
0,0,0,0,0,0,0.0072594209333082796,0,0,0,0,0,0.12568341748643003,0.38746069453162774,0,0,0,0,0,0,0,0,0,0,0,0,0,0,0,0.043513702303959866,0,0,0.00770633012284466,0,0,0.021251286721703094,0,0,0.08347852503190571,0.025851798997572874,0,0,0,0,0,0,0.013542439884115461,0,0,0,0,0,0.13022854932215608,0.011843531420300611,0,0,0,0,0,0,0,0,0,0,0,0,0,0,0,0.04281946241892707,0,0,0.1020394680874158,0,0,0.11071536838843525,0,0,0.029458746298207106,0.10850821517184542
0,0,0,0,0,0,0.007373929164692844,0,0,0,0,0,0.12710183713392445,0.3750202299566492,0,0,0,0,0,0,0,0,0,0,0,0,0,0,0,0.04552115264856547,0,0,0.007972943514589126,0,0,0.02086675658151377,0,0,0.0822246102266949,0.026006886818970353,0,0,0,0,0,0,0.014765528393127773,0,0,0,0,0,0.14151352455075544,0.012175979581443808,0,0,0,0,0,0,0,0,0,0,0,0,0,0,0,0.05498104034113039,0,0,0.10708990348942903,0,0,0.12506108458906207,0,0,0.04373100352851713,0.11727506255865114
0,0,0,0,0,0,0.007425541400863785,0,0,0,0,0,0.12796428356315695,0.3598160639692007,0,0,0,0,0,0,0,0,0,0,0,0,0,0,0,0.04722225938841417,0,0,0.008217538508329807,0,0,0.020210871892803243,0,0,0.08038491828813572,0.025881368409081076,0,0,0,0,0,0,0.015874403821020216,0,0,0,0,0,0.15079510846723057,0.012861945431947056,0,0,0,0,0,0,0,0,0,0,0,0,0,0,0,0.0705938557838622,0,0,0.11165002556627317,0,0,0.1396931758202307,0,0,0.061406279268671655,0.12688460587285386
0,0,0,0,0,0,0.007413924873440381,0,0,0,0,0,0.12828140190360968,0.3420524428223078,0,0,0,0,0,0,0,0,0,0,0,0,0,0,0,0.0484947422519838,0,0,0.008436490364844342,0,0,0.01927615494109558,0,0,0.07793831543988078,0.025473823090357214,0,0,0,0,0,0,0.016823597428798607,0,0,0,0,0,0.15773147326978726,0.013812499688136632,0,0,0,0,0,0,0,0,0,0,0,0,0,0,0,0.08984300798110596,0,0,0.11563004070701847,0,0,0.1541399007358154,0,0,0.0825187423320298,0.13742497588224073
0,0,0,0,0,0,0.00734271208578517,0,0,0,0,0,0.12807258295742247,0.3220001595122011,0,0,0,0,0,0,0,0,0,0,0,0,0,0,0,0.04923515844824071,0,0,0.00862810581448825,0,0,0.018055119322744905,0,0,0.07488600790232029,0.024799228742171178,0,0,0,0,0,0,0.017572671615001027,0,0,0,0,0,0.16210894821136826,0.014958396223773361,0,0,0,0,0,0,0,0,0,0,0,0,0,0,0,0.11279057056421049,0,0,0.11893969697120269,0,0,0.16793006028134322,0,0,0.1069579720137653,0.14895138412777176
0,0,0,0,0,0,0.007218949931636321,0,0,0,0,0,0.12735754619428727,0.2999938134986366,0,0,0,0,0,0,0,0,0,0,0,0,0,0,0,0.04936357428396213,0,0,0.008792583825886496,0,0,0.01654439959956069,0,0,0.07125835340225499,0.02388617158756406,0,0,0,0,0,0,0.01808943583994114,0,0,0,0,0,0.16385793266304302,0.01625221740887708,0,0,0,0,0,0,0,0,0,0,0,0,0,0,0,0.13935588529122406,0,0,0.12149253714758923,0,0,0.1806221176157002,0,0,0.13445825374287124,0.16147110069337356
0,0,0,0,0,0,0.007052461341324396,0,0,0,0,0,0.12614958487209035,0.2764259847904161,0,0,0,0,0,0,0,0,0,0,0,0,0,0,0,0.0488282945624727,0,0,0.008931948605933316,0,0,0.014749602685966406,0,0,0.0671192749649037,0.022773676632941442,0,0,0,0,0,0,0.01835290542625213,0,0,0,0,0,0.1630558977119211,0.01766809685558451,0,0,0,0,0,0,0,0,0,0,0,0,0,0,0,0.16930049633391148,0,0,0.12321127232018472,0,0,0.19183209427135192,0,0,0.1645967886814314,0.17493096529623658
0,0,0,0,0,0,0.006855155893187413,0,0,0,0,0,0.12445170147025399,0.251737849667779,0,0,0,0,0,0,0,0,0,0,0,0,0,0,0,0.04761003286034324,0,0,0.009049923623932055,0,0,0.012690496969814542,0,0,0.06256667102694263,0.02150801463954606,0,0,0,0,0,0,0.018355485297868214,0,0,0,0,0,0.15991819609394778,0.019199154068561954,0,0,0,0,0,0,0,0,0,0,0,0,0,0,0,0.20221858688421102,0,0,0.12403356799043286,0,0,0.20125794887958626,0,0,0.1968016480289624,0.18920891968033202
0,0,0,0,0,0,0.0066402776423471685,0,0,0,0,0,0.1222558648385821,0.22640624681428229,0,0,0,0,0,0,0,0,0,0,0,0,0,0,0,0.045724610569713296,0,0,0.00915172498100172,0,0,0.010406125976200482,0,0,0.05772817002823092,0.020139673317499968,0,0,0,0,0,0,0.01810385623185954,0,0,0,0,0,0.15477851786825414,0.020852951031862514,0,0,0,0,0,0,0,0,0,0,0,0,0,0,0,0.2375334965650223,0,0,0.12391732149062948,0,0,0.20869766019462013,0,0,0.2303694035988623,0.20411086508497994
0,0,0,0,0,0,0.0064215494110269914,0,0,0,0,0,0.11954487505348721,0.20092783198564268,0,0,0,0,0,0,0,0,0,0,0,0,0,0,0,0.04322333388972427,0,0,0.009243751327948125,0,0,0.00795936472388436,0,0,0.05275263809326097,0.018720562366602488,0,0,0,0,0,0,0.017618317928697762,0,0,0,0,0,0.1480622578989651,0.022645395467645858,0,0,0,0,0,0,0,0,0,0,0,0,0,0,0,0.27450202905472143,0,0,0.12284488201697492,0,0,0.2140579558250847,0,0,0.26449125772332804,0.21937376889845434
0,0,0,0,0,0,0.006212204907802581,0,0,0,0,0,0.11629599490091834,0.17580064880850824,0,0,0,0,0,0,0,0,0,0,0,0,0,0,0,0.04019033696526029,0,0,0.009333153503371078,0,0,0.005440368270585614,0,0,0.047798514219869984,0.01730145038302019,0,0,0,0,0,0,0.016930784324817805,0,0,0,0,0,0.14025613173963297,0.024593659775142947,0,0,0,0,0,0,0,0,0,0,0,0,0,0,0,0.312229281937243,0,0,0.12082625740583063,0,0,0.21735194855950063,0,0,0.29828580499983404,0.23467502834329798
0,0,0,0,0,0,0.006023991377472711,0,0,0,0,0,0.11248560301277749,0.15150331834649194,0,0,0,0,0,0,0,0,0,0,0,0,0,0,0,0.03673660289427461,0,0,0.009427315420698376,0,0,0.0029683382184619244,0,0,0.0430208114765613,0.015929619766612876,0,0,0,0,0,0,0.0160818764638981,0,0,0,0,0,0.13187620038997291,0.026708869629599778,0,0,0,0,0,0,0,0,0,0,0,0,0,0,0,0.3496958937500912,0,0,0.11790140530416418,0,0,0.21868619273343778,0,0,0.33083573397874416,0.249646745871006
0,0,0,0,0,0,0.005866275290434438,0,0,0,0,0,0.10809438158721865,0.1284729147659252,0,0,0,0,0,0,0,0,0,0,0,0,0,0,0,0.03299145951094483,0,0,0.009533309880104044,0,0,0.0006911000496082333,0,0,0.0385587544153928,0.014646808987289043,0,0,0,0,0,0,0.0151175816385826,0,0,0,0,0,0.12343560753737857,0.028989424506443567,0,0,0,0,0,0,0,0,0,0,0,0,0,0,0,0.3857974114044434,0,0,0.11414148283812935,0,0,0.2182394232403258,0,0,0.36122450190869315,0.26389214697374785
0,0,0,0,0,0,0.0057453615595193,0,0,0,0,0,0.10311277739923286,0.10708404671997787,0,0,0,0,0,0,0,0,0,0,0,0,0,0,0,0.029092991238464816,0,0,0.009657378238450946,0,0,-0.0012178363203431586,0,0,0.03452552611116356,0.013487564245267161,0,0,0,0,0,0,0.01408587214559772,0,0,0,0,0,0.11541311011038745,0.031415761599811166,0,0,0,0,0,0,0,0,0,0,0,0,0,0,0,0.4193932611135762,0,0,0.10964901609700903,0,0,0.21623679388262204,0,0,0.3885704748154947,0.27700128523759315
0,0,0,0,0,0,0.005664095365261611,0,0,0,0,0,0.09754689570744861,0.08763235380876515,0,0,0,0,0,0,0,0,0,0,0,0,0,0,0,0.025178601436740902,0,0,0.009804450453690113,0,0,-0.0025647794720033475,0,0,0.031000977871477927,0.012478063572454111,0,0,0,0,0,0,0.013033592677340338,0,0,0,0,0,0.10822383056864117,0.033947243655067696,0,0,0,0,0,0,0,0,0,0,0,0,0,0,0,0.44936279291178605,0,0,0.10455690781302045,0,0,0.2129235723834326,0,0,0.41205902472855294,0.2885654084386661
0,0,0,0,0,0,0.005621776932498906,0,0,0,0,0,0.09142483703635326,0.07032472826330055,0,0,0,0,0,0,0,0,0,0,0,0,0,0,0,0.021376570846521517,0,0,0.009977698877814663,0,0,-0.003143760048844042,0,0,0.028027649147637064,0.011635430872565933,0,0,0,0,0,0,0.012003825317513189,0,0,0,0,0,0.10219492312994652,0.036521660060300096,0,0,0,0,0,0,0,0,0,0,0,0,0,0,0,0.4746672722519957,0,0,0.09902589584372934,0,0,0.20854165932797042,0,0,0.4309727041791722,0.2981917300258455
0,0,0,0,0,0,0.005614390810307445,0,0,0,0,0,0.0848024262988248,0.05527698534768984,0,0,0,0,0,0,0,0,0,0,0,0,0,0,0,0.017799130534342532,0,0,0.010178124216916997,0,0,-0.002746564041235286,0,0,0.025610103291629414,0.010967535624782794,0,0,0,0,0,0,0.01103383540079002,0,0,0,0,0,0.09754912556748865,0.03905764513462226,0,0,0,0,0,0,0,0,0,0,0,0,0,0,0,0.49441508050609917,0,0,0.09323997918724967,0,0,0.20331191209207614,0,0,0.44471930713346336,0.30552073490599524
0,0,0,0,0,0,0.00563512759709312,0,0,0,0,0,0.07776641235582797,0.042518199608597,0,0,0,0,0,0,0,0,0,0,0,0,0,0,0,0.014537342503464364,0,0,0.010404197271885214,0,0,-0.001174536858391867,0,0,0.023717348314360665,0.010473252221476074,0,0,0,0,0,0,0.010153624621344623,0,0,0,0,0,0.09439811971526668,0.04146018117802008,0,0,0,0,0,0,0,0,0,0,0,0,0,0,0,0.5079239965442223,0,0,0.08739940437813461,0,0,0.19742360231806863,0,0,0.45285874974277085,0.31024693266699255
0,0,0,0,0,0,0.005675149186369084,0,0,0,0,0,0.07043388373010936,0.031999890498077645,0,0,0,0,0,0,0,0,0,0,0,0,0,0,0,0.011657957896806832,0,0,0.010651588378348235,0,0,0.0017483137807383694,0,0,0.022288026859688982,0.010143154047952616,0,0,0,0,0,0,0.00938508311635265,0,0,0,0,0,0.0927464491923871,0.04362913837087179,0,0,0,0,0,0,0,0,0,0,0,0,0,0,0,0.5147725013563167,0,0,0.0817112533231109,0,0,0.19102992980721284,0,0,0.45512869227585645,0.3121422877540179
0,0,0,0,0,0,0.005724524044457205,0,0,0,0,0,0.06294784038951809,0.023608067901993747,0,0,0,0,0,0,0,0,0,0,0,0,0,0,0,0.009202280381077453,0,0,0.010913000229335047,0,0,0.006161555419743236,0,0,0.021237966263894858,0.009960607879130001,0,0,0,0,0,0,0.00874172282226111,0,0,0,0,0,0.09250572901413805,0.04547052651856549,0,0,0,0,0,0,0,0,0,0,0,0,0,0,0,0.5148334215937289,0,0,0.07637814093761489,0,0,0.18424748879040445,0,0,0.451466093403083,0.3110796590623797
0,0,0,0,0,0,0.005773239225997622,0,0,0,0,0,0.055469334242285874,0.0171766157193362,0,0,0,0,0,0,0,0,0,0,0,0,0,0,0,0.007186897160247028,0,0,0.011178113102742549,0,0,0.01215474023539975,0,0,0.020469463459578955,0.009903211597398109,0,0,0,0,0,0,0.008228949881947792,0,0,0,0,0,0.09351778497540247,0.0469097929281297,0,0,0,0,0,0,0,0,0,0,0,0,0,0,0,0.5082858561346673,0,0,0.07158547095243323,0,0,0.17715890996311984,0,0,0.44201901740184757,0.3070521806854598
0,0,0,0,0,0,0.0058121806553490035,0,0,0,0,0,0.04816697314958875,0.012500969899779349,0,0,0,0,0,0,0,0,0,0,0,0,0,0,0,0.005606001737059141,0,0,0.011433657465841221,0,0,0.019755018778153853,0,0,0.01988145001733197,0.009944506394826564,0,0,0,0,0,0,0.007844786828825044,0,0,0,0,0,0.09558417751302167,0.04790614384209397,0,0,0,0,0,0,0,0,0,0,0,0,0,0,0,0.49560464111147134,0,0,0.06748765124676785,0,0,0.16981888110233295,0,0,0.42714339620616454,0.30018439237661493
0,0,0,0,0,0,0.005833969018179718,0,0,0,0,0,0.0412051965405546,0.009351385052666871,0,0,0,0,0,0,0,0,0,0,0,0,0,0,0,0.0044349373885603,0,0,0.01166363691252847,0,0,0.028917136468775716,0,0,0.01937948983814356,0.010055868388019454,0,0,0,0,0,0,0.007580935303396406,0,0,0,0,0,0.09849845771884351,0.04846660915180396,0,0,0,0,0,0,0,0,0,0,0,0,0,0,0,0.4775291979299092,0,0,0.06419441831363708,0,0,0.16226241774157404,0,0,0.4073838282680349,0.29073161281299265
0,0,0,0,0,0,0.0058335443951847595,0,0,0,0,0,0.03473300169419197,0.007485324616978661,0,0,0,0,0,0,0,0,0,0,0,0,0,0,0,0.0036345262660739687,0,0,0.011849755172524392,0,0,0.03951703334524519,0,0,0.018884427404845232,0.010208453616547469,0,0,0,0,0,0,0.007424075113087286,0,0,0,0,0,0.10207670097883481,0.04865835558133843,0,0,0,0,0,0,0,0,0,0,0,0,0,0,0,0.4550137130154615,0,0,0.06175923152122721,0,0,0.15451295045142985,0,0,0.3834420281825927,0.27906642536429294
0,0,0,0,0,0,0.005808432192685319,0,0,0,0,0,0.028874453902673944,0.006658628604686995,0,0,0,0,0,0,0,0,0,0,0,0,0,0,0,0.003155729817430109,0,0,0.011972103596649264,0,0,0.05135019832864138,0,0,0.018338504576654244,0.01037505288113644,0,0,0,0,0,0,0.007357296192274039,0,0,0,0,0,0.1061812274993943,0.04861753716970349,0,0,0,0,0,0,0,0,0,0,0,0,0,0,0,0.42916168622294115,0,0,0.0601718479446659,0,0,0.14658840269753654,0,0,0.35613765263997255,0.2656547355798213
0,0,0,0,0,0,0.005758714567249115,0,0,0,0,0,0.02372182202975869,0.006635170139051822,0,0,0,0,0,0,0,0,0,0,0,0,0,0,0,0.00294423679297993,0,0,0.012010131149337114,0,0,0.06413570393586594,0,0,0.01770831576526818,0.010531723488176015,0,0,0,0,0,0,0.0073615575487005255,0,0,0,0,0,0.11073277275270085,0.04855275990430533,0,0,0,0,0,0,0,0,0,0,0,0,0,0,0,0.40114923392208696,0,0,0.059356669328525805,0,0,0.13850508587093244,0,0,0.3263650109410709,0.2510249650704542
0,0,0,0,0,0,0.005686789936096376,0,0,0,0,0,0.0193317565233964,0.007194791610331679,0,0,0,0,0,0,0,0,0,0,0,0,0,0,0,0.0029446549434685608,0,0,0.011943898095315226,0,0,0.07752644962616023,0,0,0.016984839219062183,0.010659105548192264,0,0,0,0,0,0,0.007417078649561864,0,0,0,0,0,0.1157100612781752,0.048741399519803504,0,0,0,0,0,0,0,0,0,0,0,0,0,0,0,0.3721436995460336,0,0,0.05917765010035898,0,0,0.13028009905384197,0,0,0.29505003383942086,0.23573294072793677
0,0,0,0,0,0,0.005596992239711024,0,0,0,0,0,0.01572455644926605,0.008139403850894832,0,0,0,0,0,0,0,0,0,0,0,0,0,0,0,0.0031040633141068428,0,0,0.011755606890298248,0,0,0.09112557531911458,0,0,0.016181193941667782,0.010743367429561428,0,0,0,0,0,0,0.0075045861798747615,0,0,0,0,0,0.12114002366467409,0.04951799163725828,0,0,0,0,0,0,0,0,0,0,0,0,0,0,0,0.3432270425489498,0,0,0.0594497263217529,0,0,0.12193268660523005,0,0,0.26311193640967806,0.22032509797870764
0,0,0,0,0,0,0.0054951223679083365,0,0,0,0,0,0.012886249233577623,0.009297242950208512,0,0,0,0,0,0,0,0,0,0,0,0,0,0,0,0.0033747707751095864,0,0,0.011431378276166717,0,0,0.10450826065567366,0,0,0.015328799695340664,0.01077674159903688,0,0,0,0,0,0,0.0076063447199473805,0,0,0,0,0,0.12708285372,0.051255255096061436,0,0,0,0,0,0,0,0,0,0,0,0,0,0,0,0.3153325825499037,0,0,0.05995588408661499,0,0,0.11348541202451316,0,0,0.23143088190143712,0.20530361407971037
0,0,0,0,0,0,0.005387922753493331,0,0,0,0,0,0.010772948841777477,0.010525376387683852,0,0,0,0,0,0,0,0,0,0,0,0,0,0,0,0.0037162162990622455,0,0,0.01096321931797418,0,0,0.11724721085625606,0,0,0.014472507072447767,0.010757643489200473,0,0,0,0,0,0,0.007706914920622352,0,0,0,0,0,0.13361522483461796,0.05433924253780738,0,0,0,0,0,0,0,0,0,0,0,0,0,0,0,0.2891999345974858,0,0,0.06046817123936378,0,0,0.10496629895362515,0,0,0.20081960795288278,0.19109714583040946
0,0,0,0,0,0,0.005282499238577936,0,0,0,0,0,0.009316794732702445,0.011710589161798958,0,0,0,0,0,0,0,0,0,0,0,0,0,0,0,0.004096004844715791,0,0,0.010351129657017162,0,0,0.12893912711385508,0,0,0.013665161671382828,0.01069039818211436,0,0,0,0,0,0,0.007793642253496032,0,0,0,0,0,0.1408140565751493,0.05914072448180454,0,0,0,0,0,0,0,0,0,0,0,0,0,0,0,0.26534934653518716,0,0,0.06077022854911908,0,0,0.09641206995568768,0,0,0.17199721797376663,0.17803989420607344
0,0,0,0,0,0,0.005185689953219864,0,0,0,0,0,0.008432723406456314,0.012768806410407747,0,0,0,0,0,0,0,0,0,0,0,0,0,0,0,0.004490123114092889,0,0,0.009605276762353947,0,0,0.13922855633410813,0,0,0.012962003426148467,0.010584608948716627,0,0,0,0,0,0,0.00785691625657443,0,0,0,0,0,0.14874222434509396,0.06598534766231866,0,0,0,0,0,0,0,0,0,0,0,0,0,0,0,0.24407430581535994,0,0,0.06067837754482398,0,0,0.08787156823815619,0,0,0.14556691842067804,0.16636033272868642
0,0,0,0,0,0,0.005103420920612996,0,0,0,0,0,0.008025388505088238,0.013643275465309338,0,0,0,0,0,0,0,0,0,0,0,0,0,0,0,0.004882431745991918,0,0,0.008748117693937477,0,0,0.14782537698034562,0,0,0.012415235650548511,0.010454206137318374,0,0,0,0,0,0,0.007890242985400713,0,0,0,0,0,0.15743632614982023,0.07512509098032442,0,0,0,0,0,0,0,0,0,0,0,0,0,0,0,0.2254500118479023,0,0,0.06005840391039399,0,0,0.07940829508758077,0,0,0.1220006068088163,0.15617962145370362
0,0,0,0,0,0,0.005040118255602755,0,0,0,0,0,0.007995676380417175,0.014301808031529762,0,0,0,0,0,0,0,0,0,0,0,0,0,0,0,0.0052635693447041255,0,0,0.007816281792652513,0,0,0.15451396790734698,0,0,0.012069025717205775,0.01031622024451195,0,0,0,0,0,0,0.007890163265273758,0,0,0,0,0,0.1668957061037212,0.08671307953927139,0,0,0,0,0,0,0,0,0,0,0,0,0,0,0,0.20935607366844255,0,0,0.05883584280802746,0,0,0.07110120685123558,0,0,0.1016314832845581,0.1475186856588185
0,0,0,0,0,0,0.004998237315277818,0,0,0,0,0,0.008246437183171902,0.014733400834668342,0,0,0,0,0,0,0,0,0,0,0,0,0,0,0,0.00562942451728437,0,0,0.006861991171173324,0,0,0.1591547001856052,0,0,0.011955141092559223,0.010189318706384074,0,0,0,0,0,0,0.007856031956549629,0,0,0,0,0,0.17707198763977336,0.10078330624298054,0,0,0,0,0,0,0,0,0,0,0,0,0,0,0,0.19551210830442786,0,0,0.05699855845385629,0,0,0.06304293950291988,0,0,0.08465383868177769,0.14031222029532003
0,0,0,0,0,0,0.00497794944039654,0,0,0,0,0,0.008687214430139867,0.014944509691329941,0,0,0,0,0,0,0,0,0,0,0,0,0,0,0,0.005979337636832056,0,0,0.005953795095014548,0,0,0.1616793887388621,0,0,0.012089389772484688,0.010092162805506314,0,0,0,0,0,0,0.007789670076170299,0,0,0,0,0,0.18785869837596625,0.1172366504734226,0,0,0,0,0,0,0,0,0,0,0,0,0,0,0,0.18352390398623916,0,0,0.054591981786022044,0,0,0.055335222575176375,0,0,0.07112800099291577,0.1344274425926708
0,0,0,0,0,0,0.0049770095250113175,0,0,0,0,0,0.009237849192434944,0.014955189896157921,0,0,0,0,0,0,0,0,0,0,0,0,0,0,0,0.006314191318254702,0,0,0.005176432923429688,0,0,0.16208248972891123,0,0,0.012469011727740275,0.010041667112926204,0,0,0,0,0,0,0.0076949020449106655,0,0,0,0,0,0.19908238430079314,0.13583474975886634,0,0,0,0,0,0,0,0,0,0,0,0,0,0,0,0.1729367800509164,0,0,0.05170861873925442,0,0,0.04808214403893212,0,0,0.060988881523647086,0.1296851322570957
0,0,0,0,0,0,0.004990816709483506,0,0,0,0,0,0.009830915067701358,0.014795270277631127,0,0,0,0,0,0,0,0,0,0,0,0,0,0,0,0.006634539014579518,0,0,0.004629693488713207,0,0,0.16041020160874722,0,0,0.013071148662851171,0.010051265753102128,0,0,0,0,0,0,0.007577004213080314,0,0,0,0,0,0.2104987877775215,0.15620318313674264,0,0,0,0,0,0,0,0,0,0,0,0,0,0,0,0.1632910281292585,0,0,0.04847397644780091,0,0,0.04138223471443244,0,0,0.05405779696585125,0.1258805809841652
0,0,0,0,0,0,0.005012664753506823,0,0,0,0,0,0.010413032911289352,0.014500697201394323,0,0,0,0,0,0,0,0,0,0,0,0,0,0,0,0.0069389188691796845,0,0,0.004426201699087788,0,0,0.1567495434104589,0,0,0.01385247906337147,0.010129319800854186,0,0,0,0,0,0,0.007442106104926579,0,0,0,0,0,0.22179732112831976,0.177844747171823,0,0,0,0,0,0,0,0,0,0,0,0,0,0,0,0.15417240739728924,0,0,0.045031141905248755,0,0,0.0353206151563792,0,0,0.05005735709055876,0.1228026095429046
0,0,0,0,0,0,0.005034156530430804,0,0,0,0,0,0.01094517804267405,0.014110168530764697,0,0,0,0,0,0,0,0,0,0,0,0,0,0,0,0.007222496726481198,0,0,0.004688132063447581,0,0,0.15121921970584687,0,0,0.014750055969620918,0.010277808127117176,0,0,0,0,0,0,0.007296578455215106,0,0,0,0,0,0.2326149348355429,0.2001625361082907,0,0,0,0,0,0,0,0,0,0,0,0,0,0,0,0.14525046384389,0,0,0.041525839157926986,0,0,0.029962406128424064,0,0,0.04862873382162716,0.12024929312405049
0,0,0,0,0,0,0.005045753205336703,0,0,0,0,0,0.01140211246419943,0.013662175991118412,0,0,0,0,0,0,0,0,0,0,0,0,0,0,0,0.007476168462612779,0,0,0.005542902847143141,0,0,0.14396379152567085,0,0,0.015683369340623372,0.010491431573499278,0,0,0,0,0,0,0.00714645011987891,0,0,0,0,0,0.24255821636391192,0.22249144596017784,0,0,0,0,0,0,0,0,0,0,0,0,0,0,0,0.13630101274285356,0,0,0.03809333574104491,0,0,0.025348185552084696,0,0,0.04935054264483023,0.11803965126947527
0,0,0,0,0,0,0.00503744342669554,0,0,0,0,0,0.011771101091786971,0.013192545417713778,0,0,0,0,0,0,0,0,0,0,0,0,0,0,0,0.007686227563924803,0,0,0.007117954579623282,0,0,0.13515157399307684,0,0,0.01655764542585156,0.010757229853019681,0,0,0,0,0,0,0.006996918276462537,0,0,0,0,0,0.25123169872454193,0.244136348256801,0,0,0,0,0,0,0,0,0,0,0,0,0,0,0,0.1272129444119041,0,0,0.03484831114966065,0,0,0.021491822327001992,0,0,0.05175872422641934,0.11602121868504853
0,0,0,0,0,0,0.004999531826257821,0,0,0,0,0,0.01205009376520976,0.012732519912824277,0,0,0,0,0,0,0,0,0,0,0,0,0,0,0,0.007834667929054368,0,0,0.009534803707486205,0,0,0.12497565433329803,0,0,0.017268351001455455,0.01105475653652324,0,0,0,0,0,0,0.0068520106102651,0,0,0,0,0,0.2582705379272867,0.26441534187163135,0,0,0,0,0,0,0,0,0,0,0,0,0,0,0,0.11798112493109818,0,0,0.0318784667600388,0,0,0.018380629295761484,0,0,0.05536690208141982,0.11407391104805337
0,0,0,0,0,0,0.00492354155226103,0,0,0,0,0,0.012245561023471876,0.012307405200650191,0,0,0,0,0,0,0,0,0,0,0,0,0,0,0,0.00790014781491932,0,0,0.01290267356236658,0,0,0.11365683172900654,0,0,0.0177068441798795,0.011356817779927678,0,0,0,0,0,0,0.006714424947681436,0,0,0,0,0,0.2633749584921005,0.2827059546227083,0,0,0,0,0,0,0,0,0,0,0,0,0,0,0,0.10868903779174963,0,0,0.029242184502975686,0,0,0.0159775242926986,0,0,0.059686896893578124,0.11211077295577165
0,0,0,0,0,0,0.004803210834921929,0,0,0,0,0,0.012370167569072213,0.011935780095736329,0,0,0,0,0,0,0,0,0,0,0,0,0,0,0,0.007859595907050302,0,0,0.017312131055416922,0,0,0.1014467445282925,0,0,0.01776709816073398,0.011630775962115824,0,0,0,0,0,0,0.006585543989931398,0,0,0,0,0,0.26634231502741773,0.2984910262235367,0,0,0,0,0,0,0,0,0,0,0,0,0,0,0,0.09948574924960775,0,0,0.02697005535792363,0,0,0.014224751439703132,0,0,0.06424927291416307,0.11007627360084575
0,0,0,0,0,0,0.004635541591475447,0,0,0,0,0,0.012440446669697788,0.011629258281557251,0,0,0,0,0,0,0,0,0,0,0,0,0,0,0,0.007690398592284438,0,0,0.022829228296405574,0,0,0.08862924864472795,0,0,0.017353372548910853,0.011840417886760692,0,0,0,0,0,0,0.006465604012355893,0,0,0,0,0,0.26709310968268135,0.31140005122149045,0,0,0,0,0,0,0,0,0,0,0,0,0,0,0,0.09056096597202645,0,0,0.025069649823355338,0,0,0.013048647490966448,0,0,0.06862359951872049,0.10794295552189638
0,0,0,0,0,0,0.004421829003665025,0,0,0,0,0,0.012474614960074836,0.011392757638299804,0,0,0,0,0,0,0,0,0,0,0,0,0,0,0,0.007373071165186718,0,0,0.029490631609238285,0,0,0.07551874106137103,0,0,0.016388641370581918,0.011948360336401004,0,0,0,0,0,0,0.0063539853577904,0,0,0,0,0,0.26568939092548793,0.32124103365180307,0,0,0,0,0,0,0,0,0,0,0,0,0,0,0,0.08212069534031952,0,0,0.023532542354280806,0,0,0.012364937721969978,0,0,0.07243775148419421,0.10570713061007245
0,0,0,0,0,0,0.004168585723592075,0,0,0,0,0,0.012490645894602226,0.011225197586598708,0,0,0,0,0,0,0,0,0,0,0,0,0,0,0,0.006894290699363099,0,0,0.037300186054450526,0,0,0.06245520889286812,0,0,0.014823488129613085,0.011918933161931116,0,0,0,0,0,0,0.00624958031257175,0,0,0,0,0,0.26234399372221645,0.3280178442364387,0,0,0,0,0,0,0,0,0,0,0,0,0,0,0,0.07436515143353774,0,0,0.022342337218837115,0,0,0.012084112158352717,0,0,0.07539506933954732,0.10338443991698902
0,0,0,0,0,0,0.0038882705294048343,0,0,0,0,0,0.012504691066920126,0.011120520399940343,0,0,0,0,0,0,0,0,0,0,0,0,0,0,0,0.006250141513368613,0,0,0.04622730570341899,0,0,0.049796721641897225,0,0,0.012645065784360705,0.011721456442312215,0,0,0,0,0,0,0.006151182147871484,0,0,0,0,0,0.25741730039293603,0.33192968901831726,0,0,0,0,0,0,0,0,0,0,0,0,0,0,0,0.06747014824326864,0,0,0.02148229641048527,0,0,0.012116473250625686,0,0,0.07728747897280955,0.10100608460395433
0,0,0,0,0,0,0.0035997271144935913,0,0,0,0,0,0.012529915273754404,0.011068917469571622,0,0,0,0,0,0,0,0,0,0,0,0,0,0,0,0.005449381738806864,0,0,0.056207418460691355,0,0,0.037910615129497977,0,0,0.009885605134918573,0.011333804571436398,0,0,0,0,0,0,0.006057839370545146,0,0,0,0,0,0.2513978804421116,0.3333515844672463,0,0,0,0,0,0,0,0,0,0,0,0,0,0,0,0.0615728254935094,0,0,0.02094129778035421,0,0,0.01237644584044358,0,0,0.07800205056105172,0.09861593332605127
0,0,0,0,0,0,0.0033282459633033816,0,0,0,0,0,0.012575784107225697,0.011058141201652612,0,0,0,0,0,0,0,0,0,0,0,0,0,0,0,0.00451650933270532,0,0,0.06714442485417212,0,0,0.027164528438976685,0,0,0.006629858499544935,0.010746115693788943,0,0,0,0,0,0,0.005969137027914086,0,0,0,0,0,0.24486605516192084,0.3327977981128378,0,0,0,0,0,0,0,0,0,0,0,0,0,0,0,0.05676204019850947,0,0,0.02071738079191851,0,0,0.012785854732956937,0,0,0.077519104546128,0.09626793776091629
0,0,0,0,0,0,0.0031051840229033025,0,0,0,0,0,0.012647791891790815,0.01107480724347079,0,0,0,0,0,0,0,0,0,0,0,0,0,0,0,0.0034943978789344376,0,0,0.07891475425878008,0,0,0.017917871224058437,0,0,0.003020800818533221,0.009964452806299593,0,0,0,0,0,0,0.0058853893694002825,0,0,0,0,0,0.2384434481258267,0.33087267304122464,0,0,0,0,0,0,0,0,0,0,0,0,0,0,0,0.05307336800070275,0,0,0.020818721983501327,0,0,0.013276107899186877,0,0,0.07590246901944786,0.09402306312501899
0,0,0,0,0,0,0.0029670910588309955,0,0,0,0,0,0.012747575492508417,0.011105629855364558,0,0,0,0,0,0,0,0,0,0,0,0,0,0,0,0.0024462641469099886,0,0,0.09137210836836175,0,0,0.010513666364140885,0,0,-0.0007371272551745409,0.009014174220782479,0,0,0,0,0,0,0.005807730001001185,0,0,0,0,0,0.2327338176659504,0.3282147274685333,0,0,0,0,0,0,0,0,0,0,0,0,0,0,0,0.05048837990549762,0,0,0.02126206269887053,0,0,0.013789384493009336,0,0,0.07328441222803744,0.09194529989583926
0,0,0,0,0,0,0.0029542965166739527,0,0,0,0,0,0.012873330927782527,0.011138538824603746,0,0,0,0,0,0,0,0,0,0,0,0,0,0,0,0.001456726967926359,0,0,0.10435175717730717,0,0,0.005270221979341642,0,0,-0.004377933337818318,0.007942763545927102,0,0,0,0,0,0,0.005738080139459348,0,0,0,0,0,0.2282612433051956,0.32544048927442654,0,0,0,0,0,0,0,0,0,0,0,0,0,0,0,0.04893765150567293,0,0,0.0220687682154344,0,0,0.014278994086703505,0,0,0.0698478924421116,0.09009687930979944
0,0,0,0,0,0,0.0031089507477060673,0,0,0,0,0,0.01302043957183906,0.011163606646151488,0,0,0,0,0,0,0,0,0,0,0,0,0,0,0,0.0006317390646348865,0,0,0.11767380244127842,0,0,0.002471844167593887,0,0,-0.0075777583375131385,0.00682187695289413,0,0,0,0,0,0,0.00567899221122972,0,0,0,0,0,0.22541225370480283,0.3230926243473637,0,0,0,0,0,0,0,0,0,0,0,0,0,0,0,0.04830696068831768,0,0,0.02325905738016982,0,0,0.014709115127331883,0,0,0.06580807696866804,0.08853346156949782
0,0,0,0,0,0,0.0034725842666772973,0,0,0,0,0,0.013182243789476049,0.011173707319645738,0,0,0,0,0,0,0,0,0,0,0,0,0,0,0,9.72072046826505e-05,0,0,0.1311456291375875,0,0,0.002357983424541636,0,0,-0.009962791715794258,0.005748354877040737,0,0,0,0,0,0,0.005633389983835313,0,0,0,0,0,0.2243885403291153,0.3215947624040922,0,0,0,0,0,0,0,0,0,0,0,0,0,0,0,0.048446135675588295,0,0,0.024845200677686315,0,0,0.015054119720130881,0,0,0.06139439163324554,0.0873001499028096
0,0,0,0,0,0,0.004083301777895056,0,0,0,0,0,0.013350947508500998,0.011164891161159917,0,0,0,0,0,0,0,0,0,0,0,0,0,0,0,-3.842675283705256e-06,0,0,0.1445643216075916,0,0,0.005110862597838106,0,0,-0.011121636685551417,0.004843946808847779,0,0,0,0,0,0,0.005604240478507241,0,0,0,0,0,0.22517650932431396,0.3212152970111792,0,0,0,0,0,0,0,0,0,0,0,0,0,0,0,0.04917995636121116,0,0,0.02682458133213437,0,0,0.015297635934719502,0,0,0.05683403269145286,0.08642873285037184
0,0,0,0,0,0,0.004972772278215714,0,0,0,0,0,0.013518613674403915,0.011136539820784688,0,0,0,0,0,0,0,0,0,0,0,0,0,0,0,0.00048436526460491117,0,0,0.15771977162796255,0,0,0.010842301795008743,0,0,-0.010622073439838956,0.004253563712307123,0,0,0,0,0,0,0.005594197500105945,0,0,0,0,0,0.2275385156635,0.32204279243666634,0,0,0,0,0,0,0,0,0,0,0,0,0,0,0,0.05032036489379876,0,0,0.02917356024996868,0,0,0.015431415019625402,0,0,0.05233783036152586,0.08593618061029304
0,0,0,0,0,0,0.006163209984683634,0,0,0,0,0,0.01367822252462963,0.011091374247272827,0,0,0,0,0,0,0,0,0,0,0,0,0,0,0,0.0017244646358486665,0,0,0.1703985993371688,0,0,0.019580855581650274,0,0,-0.008031890020663814,0.004141954409697306,0,0,0,0,0,0,0.0056052613810631344,0,0,0,0,0,0.23102820591670825,0.32397552065801616,0,0,0,0,0,0,0,0,0,0,0,0,0,0,0,0.051678958344638544,0,0,0.031843104858121384,0,0,0.015453999006595723,0,0,0.04808905832326232,0.08582410453211564
0,0,0,0,0,0,0.007664561445870606,0,0,0,0,0,0.013824741837236072,0.011035348736349735,0,0,0,0,0,0,0,0,0,0,0,0,0,0,0,0.003878634316189263,0,0,0.1823885938409078,0,0,0.03126051861778237,0,0,-0.0029431406386144963,0.004688769546987015,0,0,0,0,0,0,0.005638496510271385,0,0,0,0,0,0.23502984797041893,0.32672795656945175,0,0,0,0,0,0,0,0,0,0,0,0,0,0,0,0.05307852763167656,0,0,0.03475699526258596,0,0,0.015369170736189375,0,0,0.04423526640796058,0.0860784882513983
0,0,0,0,0,0,0.009472129777727616,0,0,0,0,0,0.013956143551093049,0.010977435715902583,0,0,0,0,0,0,0,0,0,0,0,0,0,0,0,0.007100061133897433,0,0,0.1934830259733652,0,0,0.04571227192100002,0,0,0.005001118069389354,0.006082046189914528,0,0,0,0,0,0,0.005693841378086439,0,0,0,0,0,0.23881871677566296,0.32985549895799193,0,0,0,0,0,0,0,0,0,0,0,0,0,0,0,0.05436246254245009,0,0,0.03781312629165298,0,0,0.015184268372340427,0,0,0.04088292069314543,0.0866689143026916
0,0,0,0,0,0,0.01156487674796134,0,0,0,0,0,0.014074311787056659,0.010929301266582063,0,0,0,0,0,0,0,0,0,0,0,0,0,0,0,0.011523480614383139,0,0,0.20348398725486028,0,0,0.06265965489278025,0,0,0.016078870093494433,0.008510233668364162,0,0,0,0,0,0,0.005770035517656844,0,0,0,0,0,0.24163651363796457,0.33279596593564237,0,0,0,0,0,0,0,0,0,0,0,0,0,0,0,0.05540117391961834,0,0,0.04088806983868624,0,0,0.014908510547742278,0,0,0.038094779082936195,0.08754722771882378
0,0,0,0,0,0,0.013904636572439516,0,0,0,0,0,0.014185797812728046,0.010904883066222271,0,0,0,0,0,0,0,0,0,0,0,0,0,0,0,0.01725522766915684,0,0,0.21220463296898193,0,0,0.08171931214731408,0,0,0.030461568178228003,0.01215296837064994,0,0,0,0,0,0,0.005864669468510872,0,0,0,0,0,0.24277297023048053,0.33492371723527276,0,0,0,0,0,0,0,0,0,0,0,0,0,0,0,0.05609536250033719,0,0,0.04384465437782376,0,0,0.014551441309414631,0,0,0.035890093308148734,0.08864631092391327
0,0,0,0,0,0,0.016436425958712413,0,0,0,0,0,0.014302390302315914,0.010919905335098174,0,0,0,0,0,0,0,0,0,0,0,0,0,0,0,0.024363393571944673,0,0,0.21947116934934133,0,0,0.10240705458269596,0,0,0.04818889446083827,0.017170877606368432,0,0,0,0,0,0,0.005974337729730538,0,0,0,0,0,0.24164326201862185,0.3356096150278878,0,0,0,0,0,0,0,0,0,0,0,0,0,0,0,0.056376638564500654,0,0,0.046541863745571274,0,0,0.014121557093479781,0,0,0.034247505852274984,0.08987971866231102
0,0,0,0,0,0,0.01908996051187048,0,0,0,0,0,0.014441491207044833,0.010991367624451184,0,0,0,0,0,0,0,0,0,0,0,0,0,0,0,0.03286877188429858,0,0,0.22512585223862458,0,0,0.12414946960550399,0,0,0.06914802716135096,0.023694782364901294,0,0,0,0,0,0,0.006094859798972165,0,0,0,0,0,0.23785049894918295,0.3342791710161569,0,0,0,0,0,0,0,0,0,0,0,0,0,0,0,0.05620627185846427,0,0,0.04884591614847192,0,0,0.013625175292627469,0,0,0.03311022017336822,0.09114285212368972
0,0,0,0,0,0,0.021782417461995485,0,0,0,0,0,0.014626305589372078,0.011137029401591772,0,0,0,0,0,0,0,0,0,0,0,0,0,0,0,0.04273724645347741,0,0,0.22903183156260265,0,0,0.14630067865358415,0,0,0.09305962941401565,0.031814746779708004,0,0,0,0,0,0,0.006221533338281871,0,0,0,0,0,0.2312229618056055,0.3304625954209451,0,0,0,0,0,0,0,0,0,0,0,0,0,0,0,0.05557292723468846,0,0,0.05064117303871957,0,0,0.013065636549100037,0,0,0.0323929356040895,0.09231626749375152
0,0,0,0,0,0,0.024422390996899936,0,0,0,0,0,0.014885843793857788,0.011374908852881978,0,0,0,0,0,0,0,0,0,0,0,0,0,0,0,0.05387428395860622,0,0,0.23107990961980024,0,0,0.16816358311812826,0,0,0.11947260126239223,0.04156945849411612,0,0,0,0,0,0,0.0063494009078612955,0,0,0,0,0,0.2218207839922618,0.32383262882706326,0,0,0,0,0,0,0,0,0,0,0,0,0,0,0,0.05449006024017333,0,0,0.051839645836469064,0,0,0.012442981887065004,0,0,0.03199008580326929,0.09327150269559482
0,0,0,0,0,0,0.02691486017439103,0,0,0,0,0,0.015254706683282883,0.011722818596547295,0,0,0,0,0,0,0,0,0,0,0,0,0,0,0,0.06612232082211639,0,0,0.23119668685903352,0,0,0.18901476258203823,0,0,0.14776928748931312,0.05293646594364371,0,0,0,0,0,0,0.006473533708187367,0,0,0,0,0,0.20991460401740716,0.3142275499993911,0,0,0,0,0,0,0,0,0,0,0,0,0,0,0,0.052993233850394915,0,0,0.05238800041666572,0,0,0.011754267753394736,0,0,0.03178493493238365,0.0938792946539973
0,0,0,0,0,0,0.029166836392292936,0,0,0,0,0,0.01577259860405742,0.012197930021986382,0,0,0,0,0,0,0,0,0,0,0,0,0,0,0,0.07926180658629538,0,0,0.22935291855600284,0,0,0.20813248184702288,0,0,0.17718237229139144,0.0658240323051654,0,0,0,0,0,0,0.006589326716525314,0,0,0,0,0,0.19594327175028364,0.3016575707964623,0,0,0,0,0,0,0,0,0,0,0,0,0,0,0,0.051137238566563964,0,0,0.05227110290138939,0,0,0.010994630308809376,0,0,0.03165904998592736,0.09401932055772878
0,0,0,0,0,0,0.031093187350757775,0,0,0,0,0,0.016483483815503474,0.012816315413289606,0,0,0,0,0,0,0,0,0,0,0,0,0,0,0,0.09301640400151003,0,0,0.22557046172039258,0,0,0.22482792193195145,0,0,0.20682395264736014,0.08006571926634617,0,0,0,0,0,0,0.006692779365282256,0,0,0,0,0,0.18045907966764965,0.2862954977348819,0,0,0,0,0,0,0,0,0,0,0,0,0,0,0,0.04899283516161124,0,0,0.05151171477167579,0,0,0.010159129624653143,0,0,0.0315015625407309,0.0935901822528619
0,0,0,0,0,0,0.03262206117232925,0,0,0,0,0,0.017434283906293768,0.01359239532688027,0,0,0,0,0,0,0,0,0,0,0,0,0,0,0,0.10706248747809376,0,0,0.21992647894013234,0,0,0.23847911764365012,0,0,0.2357264200380948,0.09541885154890394,0,0,0,0,0,0,0.00678072057708189,0,0,0,0,0,0.16406896909615093,0.2684551030290398,0,0,0,0,0,0,0,0,0,0,0,0,0,0,0,0.046643004295473495,0,0,0.05016675374465302,0,0,0.009245305334709443,0,0,0.031217431525863256,0.09251850460037167
0,0,0,0,0,0,0.033699479626838814,0,0,0,0,0,0.018673001980846895,0.014538209875614988,0,0,0,0,0,0,0,0,0,0,0,0,0,0,0,0.12104266057268814,0,0,0.21255442742085823,0,0,0.24856545022721216,0,0,0.26289390892206344,0.11156778355250102,0,0,0,0,0,0,0.00685093644905716,0,0,0,0,0,0.14737900028671605,0.24856178837146156,0,0,0,0,0,0,0,0,0,0,0,0,0,0,0,0.04417864694010255,0,0,0.04832104733235584,0,0,0.008256280222973061,0,0,0.030733777957156955,0.09076622853608729
0,0,0,0,0,0,0.03429274089227344,0,0,0,0,0,0.020246160417767996,0.01566243236765969,0,0,0,0,0,0,0,0,0,0,0,0,0,0,0,0.13458254505160805,0,0,0.20364197508056062,0,0,0.2546992716909761,0,0,0.28736161362961204,0.12813264454303983,0,0,0,0,0,0,0.006902185353335117,0,0,0,0,0,0.130947341565096,0.2271201071856177,0,0,0,0,0,0,0,0,0,0,0,0,0,0,0,0.04169385437110282,0,0,0.04607960838211327,0,0,0.007204175060529665,0,0,0.030003685642612986,0.08833511376553986
0,0,0,0,0,0,0.03439225707620017,0,0,0,0,0,0.022195480504549555,0.016969070866682236,0,0,0,0,0,0,0,0,0,0,0,0,0,0,0,0.14730967722485117,0,0,0.19342635494157995,0,0,0.25665105588471043,0,0,0.3082585656482416,0.14468387819699746,0,0,0,0,0,0,0.006934108068062433,0,0,0,0,0,0.11524897341600228,0.20468144941465982,0,0,0,0,0,0,0,0,0,0,0,0,0,0,0,0.039281055973407454,0,0,0.04355921523487307,0,0,0.006113526132506279,0,0,0.02900739315477037,0.08526758176988991
0,0,0,0,0,0,0.03401161939362759,0,0,0,0,0,0.024553871005088986,0.018455894018840978,0,0,0,0,0,0,0,0,0,0,0,0,0,0,0,0.15887323233646125,0,0,0.18218790037683946,0,0,0.25436572662195334,0,0,0.32486849789862454,0.16076222435097895,0,0,0,0,0,0,0.006947059312260485,0,0,0,0,0,0.10065349445355565,0.18181358925443597,0,0,0,0,0,0,0,0,0,0,0,0,0,0,0,0.03702636562283203,0,0,0.04087969221097518,0,0,0.0050243442728876465,0,0,0.027751065298006684,0.08164360720455902
0,0,0,0,0,0,0.03318594048343501,0,0,0,0,0,0.027340967267604866,0.02011273878618988,0,0,0,0,0,0,0,0,0,0,0,0,0,0,0,0.16896354494848229,0,0,0.17024196475553172,0,0,0.24796965691215392,0,0,0.3366832456934294,0.17590278803742695,0,0,0,0,0,0,0.00694190478378326,0,0,0,0,0,0.08741581869981821,0.15907258563182655,0,0,0,0,0,0,0,0,0,0,0,0,0,0,0,0.03500537391073418,0,0,0.038155177677385826,0,0,0.003994448230259314,0,0,0.026263559523768108,0.07757427433588017
0,0,0,0,0,0,0.03196871132516706,0,0,0,0,0,0.03055854478965153,0.021919928613636154,0,0,0,0,0,0,0,0,0,0,0,0,0,0,0,0.17733039108385978,0,0,0.15792847786223196,0,0,0.2377684165753066,0,0,0.34344288953169105,0.1896609906047631,0,0,0,0,0,0,0.0069198274908136145,0,0,0,0,0,0.07567828411069616,0.13697754988045896,0,0,0,0,0,0,0,0,0,0,0,0,0,0,0,0.03327956688998729,0,0,0.03548604028755145,0,0,0.0031007485115608253,0,0,0.024591711887851107,0.07319319558536373
0,0,0,0,0,0,0.030427580736086653,0,0,0,0,0,0.03418616769063518,0.023847047416595827,0,0,0,0,0,0,0,0,0,0,0,0,0,0,0,0.18379868642769576,0,0,0.14559838293525568,0,0,0.22423511656563713,0,0,0.34515720310661413,0.20163779106882446,0,0,0,0,0,0,0.006882170817886939,0,0,0,0,0,0.06548190606539302,0.11598945227555052,0,0,0,0,0,0,0,0,0,0,0,0,0,0,0,0.03189346184695798,0,0,0.0329523935401937,0,0,0.0024392056405158364,0,0,0.02279468637282507,0.0686468628571021
0,0,0,0,0,0,0.02863963885321067,0,0,0,0,0,0.03817752519048703,0.025852309010876776,0,0,0,0,0,0,0,0,0,0,0,0,0,0,0,0.18828029318244668,0,0,0.1335969617441541,0,0,0.2079895024179212,0,0,0.34210519807405104,0.2115017451097565,0,0,0,0,0,0,0.006830327375189668,0,0,0,0,0,0.05678402544064293,0.09649496445262411,0,0,0,0,0,0,0,0,0,0,0,0,0,0,0,0.030872554417895916,0,0,0.03061000178085457,0,0,0.0021232304310269123,0,0,0.020937989138669517,0.06408481478600182
0,0,0,0,0,0,0.026686719031469335,0,0,0,0,0,0.04245806957311157,0.02788278345106222,0,0,0,0,0,0,0,0,0,0,0,0,0,0,0,0.19078079609527526,0,0,0.12224475886277955,0,0,0.18976871948154211,0,0,0.334812122380397,0.21900661196070523,0,0,0,0,0,0,0.006765681728189698,0,0,0,0,0,0.04947945984057233,0.07879554905283968,0,0,0,0,0,0,0,0,0,0,0,0,0,0,0,0.030222213176359133,0,0,0.028488986254618154,0,0,0.002280339491276962,0,0,0.019087719043995827,0.059650433078803425
0,0,0,0,0,0,0.024651037639235988,0,0,0,0,0,0.04692457764116992,0.02987574306558581,0,0,0,0,0,0,0,0,0,0,0,0,0,0,0,0.1914001074559689,0,0,0.11181753781493856,0,0,0.17039106418985603,0,0,0.3240066640065229,0.22400416889304797,0,0,0,0,0,0,0.00668961256572426,0,0,0,0,0,0.043422549786878616,0.06310145439038485,0,0,0,0,0,0,0,0,0,0,0,0,0,0,0,0.029927629778583813,0,0,0.02659532359992232,0,0,0.0030469294362944666,0,0,0.017305513798559533,0.05547286997946231
0,0,0,0,0,0,0.022611330777867093,0,0,0,0,0,0.05144709917774168,0.03176130786845289,0,0,0,0,0,0,0,0,0,0,0,0,0,0,0,0.190326461959943,0,0,0.1025275166908726,0,0,0.15071382624539692,0,0,0.3105635148091437,0.22645160022444147,0,0,0,0,0,0,0.006603537066346672,0,0,0,0,0,0.038447807597022425,0.049530276004361516,0,0,0,0,0,0,0,0,0,0,0,0,0,0,0,0.02995485929838733,0,0,0.024914724801988655,0,0,0.004561131459107954,0,0,0.015644525596525266,0.051660333588976884
0,0,0,0,0,0,0.020639582509610774,0,0,0,0,0,0.05587357448739689,0.03346642454883794,0,0,0,0,0,0,0,0,0,0,0,0,0,0,0,0.18782430146229995,0,0,0.09450816898286994,0,0,0.13158630220368336,0,0,0.29543763945348467,0.22641214043102445,0,0,0,0,0,0,0.006508980887007774,0,0,0,0,0,0.034387121262931926,0.03810997103238355,0,0,0,0,0,0,0,0,0,0,0,0,0,0,0,0.030252956217822754,0,0,0.02341815581691349,0,0,0.006953887375138272,0,0,0.01414662128425321,0.048294992707127664
0,0,0,0,0,0,0.01879846148789311,0,0,0,0,0,0.060037237574463366,0.03492006752295154,0,0,0,0,0,0,0,0,0,0,0,0,0,0,0,0.18421708108845813,0,0,0.08780432579761212,0,0,0.11380048132411971,0,0,0.2795974832331765,0.22404765355128078,0,0,0,0,0,0,0.006407664755679758,0,0,0,0,0,0.031082045715473666,0.02878611400753294,0,0,0,0,0,0,0,0,0,0,0,0,0,0,0,0.030757205199147944,0,0,0.022068043873085183,0,0,0.010338691458177751,0,0,0.012840870608409176,0.04542980963902063
0,0,0,0,0,0,0.01713955047084454,0,0,0,0,0,0.06376670180527556,0.0360593856215698,0,0,0,0,0,0,0,0,0,0,0,0,0,0,0,0.17986636627793914,0,0,0.08236907963463705,0,0,0.09804391298566713,0,0,0.2639633254826843,0.2196033300446332,0,0,0,0,0,0,0.006301584926714929,0,0,0,0,0,0.02839114591989235,0.021432957228016213,0,0,0,0,0,0,0,0,0,0,0,0,0,0,0,0.031393338661318944,0,0,0.020824135763049353,0,0,0.014800789314941065,0,0,0.011743260262961016,0.043087496856951644
0,0,0,0,0,0,0.015702378051272253,0,0,0,0,0,0.06689819459439536,0.036836250859077935,0,0,0,0,0,0,0,0,0,0,0,0,0,0,0,0.1751486222641073,0,0,0.07806875396283121,0,0,0.08485954310273223,0,0,0.24935518715697785,0.2133869085846461,0,0,0,0,0,0,0.006193051539292739,0,0,0,0,0,0.02619342546635003,0.01586762365532963,0,0,0,0,0,0,0,0,0,0,0,0,0,0,0,0.032082518235190614,0,0,0.019648304151753077,0,0,0.020386818727570196,0,0,0.010857462166095719,0.04126158765406563
0,0,0,0,0,0,0.01451418315442441,0,0,0,0,0,0.06928879514211579,0.0372233294320312,0,0,0,0,0,0,0,0,0,0,0,0,0,0,0,0.17043120678117443,0,0,0.0746962692444851,0,0,0.0746162373962648,0,0,0.23645314950796592,0.20574577227723373,0,0,0,0,0,0,0.0060846553362646225,0,0,0,0,0,0.02438898793758399,0.011866478485375361,0,0,0,0,0,0,0,0,0,0,0,0,0,0,0,0.03274676289748188,0,0,0.01850807909990646,0,0,0.02709588888040706,0,0,0.010176415438290625,0.03991939871481368
0,0,0,0,0,0,0.013590305367712479,0,0,0,0,0,0.07082895828065021,0.0372185203781014,0,0,0,0,0,0,0,0,0,0,0,0,0,0,0,0.1660495423061069,0,0,0.07199207865222909,0,0,0.06749225517894161,0,0,0.2257713694497743,0.19704525733742695,0,0,0,0,0,0,0.005979167676120301,0,0,0,0,0,0.022897892392803078,0.009182539573547551,0,0,0,0,0,0,0,0,0,0,0,0,0,0,0,0.033314417777097455,0,0,0.017378924642100644,0,0,0.034872993941650395,0,0,0.009684458632213538,0.039006539699150966
0,0,0,0,0,0,0.012935099462068925,0,0,0,0,0,0.071452517199687,0.03684672333437119,0,0,0,0,0,0,0,0,0,0,0,0,0,0,0,0.16228729903020261,0,0,0.06967072982502816,0,0,0.06347256141168574,0,0,0.21764612658873508,0.18765056979797037,0,0,0,0,0,0,0.00587940836865861,0,0,0,0,0,0.02165795076939531,0.007562786520034467,0,0,0,0,0,0,0,0,0,0,0,0,0,0,0,0.03372517153426904,0,0,0.01624539073777062,0,0,0.04360548765529748,0,0,0.009359728241418008,0.03845254677196258
0,0,0,0,0,0,0.012543271548087665,0,0,0,0,0,0.0711429006312436,0.036158490947841085,0,0,0,0,0,0,0,0,0,0,0,0,0,0,0,0.15936086687995907,0,0,0.06745005571352256,0,0,0.06235969062738609,0,0,0.21223749829870356,0.17791328745896806,0,0,0,0,0,0,0.005788113549784748,0,0,0,0,0,0.020622012243185144,0.006764349021630624,0,0,0,0,0,0,0,0,0,0,0,0,0,0,0,0.033934093136840544,0,0,0.015101298804474684,0,0,0.053123131892349136,0,0,0.00917654378877528,0.03817715314099792
0,0,0,0,0,0,0.012401498781237197,0,0,0,0,0,0.06993500459116715,0.035225729283582925,0,0,0,0,0,0,0,0,0,0,0,0,0,0,0,0.15740919015374596,0,0,0.0650791733683233,0,0,0.06379689516630764,0,0,0.20954297137954953,0.16816225028266166,0,0,0,0,0,0,0.00570782739450079,0,0,0,0,0,0.0197551153238759,0.006568730896509273,0,0,0,0,0,0,0,0,0,0,0,0,0,0,0,0.033914287181536565,0,0,0.013949080778528218,0,0,0.06320194370888155,0,0,0.009107544403691362,0.03809663854712091
0,0,0,0,0,0,0.012490165061142087,0,0,0,0,0,0.06791283907118889,0.03413504341226359,0,0,0,0,0,0,0,0,0,0,0,0,0,0,0,0.15648982566765046,0,0,0.062361347057020046,0,0,0.06730146941153005,0,0,0.20941980741648591,0.15869758627054772,0,0,0,0,0,0,0.005640830519501123,0,0,0,0,0,0.019031777990991972,0.006793375579512914,0,0,0,0,0,0,0,0,0,0,0,0,0,0,0,0.03365797074596604,0,0,0.012798449277107011,0,0,0.0735716917125793,0,0,0.009125412517918981,0.038129638193874195
0,0,0,0,0,0,0.012785045966708958,0,0,0,0,0,0.06520361359016094,0.032979669552624366,0,0,0,0,0,0,0,0,0,0,0,0,0,0,0,0.15658128249372968,0,0,0.059168750699090646,0,0,0.072305395875815,0,0,0.21161232057785515,0.14978569980893025,0,0,0,0,0,0,0.005589109647043239,0,0,0,0,0,0.018433589996429713,0.007300018936274725,0,0,0,0,0,0,0,0,0,0,0,0,0,0,0,0.03317592437624853,0,0,0.011664648289174502,0,0,0.08392662566318025,0,0,0.009204138602228467,0.03820197240785447
0,0,0,0,0,0,0.013258777625294194,0,0,0,0,0,0.06196903682472972,0.03185113702776029,0,0,0,0,0,0,0,0,0,0,0,0,0,0,0,0.15759108021294158,0,0,0.055447925674525764,0,0,0.0781998528753211,0,0,0.21578063019328445,0.1416534317900393,0,0,0,0,0,0,0.005554367627503984,0,0,0,0,0,0.01794716760520376,0.007999463353811995,0,0,0,0,0,0,0,0,0,0,0,0,0,0,0,0.0324954284231547,0,0,0.01056652437020355,0,0,0.09393901794356935,0,0,0.0093198948430624,0.038250376184487136
0,0,0,0,0,0,0.01388197169647372,0,0,0,0,0,0.05839471982773982,0.030831709719821434,0,0,0,0,0,0,0,0,0,0,0,0,0,0,0,0.15936883335826182,0,0,0.05121641619621674,0,0,0.08437964906161491,0,0,0.2215277257704905,0.13448112403864212,0,0,0,0,0,0,0.00553805750491319,0,0,0,0,0,0.01756247495778449,0.00885262427512147,0,0,0,0,0,0,0,0,0,0,0,0,0,0,0,0.031656969476357585,0,0,0.009524626171597914,0,0,0.10327494762073632,0,0,0.009451630814943173,0.038225200663121905
0,0,0,0,0,0,0.014623941406796131,0,0,0,0,0,0.05467873088357564,0.029988424700188948,0,0,0,0,0,0,0,0,0,0,0,0,0,0,0,0.16172303391470647,0,0,0.046552376249546425,0,0,0.09028340864066627,0,0,0.22842235717563,0.1283954172665219,0,0,0,0,0,0,0.005541405182682721,0,0,0,0,0,0.01727148581417373,0.009867898361741366,0,0,0,0,0,0,0,0,0,0,0,0,0,0,0,0.030710136730523075,0,0,0.008559497976462022,0,0,0.11161131464688129,0,0,0.009581497290286928,0.038092133938597623
0,0,0,0,0,0,0.01545312653855096,0,0,0,0,0,0.051020267099542674,0.02936929133781033,0,0,0,0,0,0,0,0,0,0,0,0,0,0,0,0.1644395021861699,0,0,0.04157970704664289,0,0,0.0954259579805903,0,0,0.2360173969864354,0.12346332181190255,0,0,0,0,0,0,0.005565387494127572,0,0,0,0,0,0.01706714391567227,0.011095112183835746,0,0,0,0,0,0,0,0,0,0,0,0,0,0,0,0.02970914061643674,0,0,0.007690284559635325,0,0,0.11865296794847131,0,0,0.009695164408608016,0.03783286682007247
0,0,0,0,0,0,0.01633733983648781,0,0,0,0,0,0.04760914193763551,0.02900189248991853,0,0,0,0,0,0,0,0,0,0,0,0,0,0,0,0.1672994576313711,0,0,0.03645125161439611,0,0,0.09942061645971628,0,0,0.24386497194790088,0.1196889289660509,0,0,0,0,0,0,0.005610664575398991,0,0,0,0,0,0.016942581253539448,0.012616557049425454,0,0,0,0,0,0,0,0,0,0,0,0,0,0,0,0.02870831981718465,0,0,0.0069337033435756664,0,0,0.12414910720574295,0,0,0.009782054571974152,0.03744458209195186
0,0,0,0,0,0,0.01724396461003302,0,0,0,0,0,0.044616541371816906,0.028894306657925025,0,0,0,0,0,0,0,0,0,0,0,0,0,0,0,0.170095442828431,0,0,0.03133209198935153,0,0,0.10199071253472465,0,0,0.25153006458927657,0.11701333729892965,0,0,0,0,0,0,0.00567749294301311,0,0,0,0,0,0.016890562587497146,0.014535789811863974,0,0,0,0,0,0,0,0,0,0,0,0,0,0,0,0.027757962018770163,0,0,0.006303378837740515,0,0,0.12790818974031518,0,0,0.00983548144749463,0.03693824826210372
0,0,0,0,0,0,0.018140278809163704,0,0,0,0,0,0.04218738770760111,0.02903799848130816,0,0,0,0,0,0,0,0,0,0,0,0,0,0,0,0.17264390528286172,0,0,0.02638444960306144,0,0,0.10297163046025933,0,0,0.2586040263850864,0.11531803954165798,0,0,0,0,0,0,0.005765640609048832,0,0,0,0,0,0.01690311814479381,0.01696497607476591,0,0,0,0,0,0,0,0,0,0,0,0,0,0,0,0.02690079040916222,0,0,0.0058094960357875265,0,0,0.12981028299455688,0,0,0.0098526606471234,0.03633592578893615
0,0,0,0,0,0,0.018994059290806692,0,0,0,0,0,0.0404345379681062,0.029412121308306904,0,0,0,0,0,0,0,0,0,0,0,0,0,0,0,0.17479395012936214,0,0,0.021755166927872282,0,0,0.1023057475248228,0,0,0.2647185069119083,0.1144323777191476,0,0,0,0,0,0,0.005874322441145356,0,0,0,0,0,0.01697131911527302,0.020011629871574926,0,0,0,0,0,0,0,0,0,0,0,0,0,0,0,0.02616944535364008,0,0,0.005458707765766426,0,0,0.1298153260235097,0,0,0.009834538191014352,0.035667437373805025
0,0,0,0,0,0,0.019774519410079405,0,0,0,0,0,0.0394348467192878,0.029988558992102538,0,0,0,0,0,0,0,0,0,0,0,0,0,0,0,0.17643212314864903,0,0,0.01756629857644204,0,0,0.10003239646529662,0,0,0.2695590006043936,0.1141456406353748,0,0,0,0,0,0,0.006002175644803406,0,0,0,0,0,0.01708516951945329,0.023765646590086523,0,0,0,0,0,0,0,0,0,0,0,0,0,0,0,0.02558514279870785,0,0,0.005254218620855533,0,0,0.1279661357861523,0,0,0.009785388972659114,0.034966746712660104
0,0,0,0,0,0,0.02045355505857733,0,0,0,0,0,0.039227047081709016,0.030736981961143817,0,0,0,0,0,0,0,0,0,0,0,0,0,0,0,0.17748335273555588,0,0,0.013908977531955607,0,0,0.0962743540084677,0,0,0.2728769279149416,0.11422356206070586,0,0,0,0,0,0,0.006147287719402242,0,0,0,0,0,0.017233641505696416,0.0282874904183889,0,0,0,0,0,0,0,0,0,0,0,0,0,0,0,0.0251575214062668,0,0,0.00519597060517052,0,0,0.12438640873123118,0,0,0.009712162025155742,0.03426838178596075
0,0,0,0,0,0,0.021007229459639024,0,0,0,0,0,0.039811416961966814,0.03162914424052351,0,0,0,0,0,0,0,0,0,0,0,0,0,0,0,0.17790854637261247,0,0,0.010840440264478727,0,0,0.09122184241782452,0,0,0.27449962892173785,0.1144279484963818,0,0,0,0,0,0,0.006307288045031224,0,0,0,0,0,0.017404938553189427,0.0335983270890491,0,0,0,0,0,0,0,0,0,0,0,0,0,0,0,0.02488553857769503,0,0,0.005280867693940319,0,0,0.1192744489259067,0,0,0.009623607403507062,0.03360422117298372
0,0,0,0,0,0,0.02141735058388236,0,0,0,0,0,0.04115118711984431,0.03264173213866118,0,0,0,0,0,0,0,0,0,0,0,0,0,0,0,0.17769972272290951,0,0,0.008383894724197809,0,0,0.085115108521433,0,0,0.2743373033719613,0.11453721236108841,0,0,0,0,0,0,0.006479514268767397,0,0,0,0,0,0.017587031080243867,0.03967286515885025,0,0,0,0,0,0,0,0,0,0,0,0,0,0,0,0.024759136758268033,0,0,0.005502991298918808,0,0,0.1128924110309607,0,0,0.009529272608756549,0.033000930165310645
0,0,0,0,0,0,0.02167294596339553,0,0,0,0,0,0.043175627577445995,0.033757264988232914,0,0,0,0,0,0,0,0,0,0,0,0,0,0,0,0.1768740952122074,0,0,0.006530779269759713,0,0,0.07822686485964579,0,0,0.2723857533789666,0.11436493512127452,0,0,0,0,0,0,0.00666124321710282,0,0,0,0,0,0.017768402791828813,0.046435626734772716,0,0,0,0,0,0,0,0,0,0,0,0,0,0,0,0.024761329460796105,0,0,0.005853760701447814,0,0,0.10555047676760403,0,0,0.009438475926838887,0.03247825477737374
0,0,0,0,0,0,0.02177142499711501,0,0,0,0,0,0.045784761450003764,0.034963006125154586,0,0,0,0,0,0,0,0,0,0,0,0,0,0,0,0.17546865746743978,0,0,0.0052448758696373495,0,0,0.07084536216965791,0,0,0.268724904827681,0.11377390863370618,0,0,0,0,0,0,0.006849943219833498,0,0,0,0,0,0.0179388545942712,0.053761230918658955,0,0,0,0,0,0,0,0,0,0,0,0,0,0,0,0.024870405059308775,0,0,0.00632200194099451,0,0,0.09758704893505857,0,0,0.009359375506452449,0.03204822650076085
0,0,0,0,0,0,0.021719134445543752,0,0,0,0,0,0.04885552716210471,0.036248513794826166,0,0,0,0,0,0,0,0,0,0,0,0,0,0,0,0.17353627913100442,0,0,0.004467707333885684,0,0,0.06325824044361582,0,0,0.2635135504774419,0.1126842401218644,0,0,0,0,0,0,0.007043468743247928,0,0,0,0,0,0.018090185673008,0.061479032440089905,0,0,0,0,0,0,0,0,0,0,0,0,0,0,0,0.025062064842547603,0,0,0.006893926043287488,0,0,0.0893473931615596,0,0,0.009298247931297918,0.03171523042068256
0,0,0,0,0,0,0.021531011334396086,0,0,0,0,0,0.05224903309344574,0.037602670610025646,0,0,0,0,0,0,0,0,0,0,0,0,0,0,0,0.17114365517204758,0,0,0.0041246726509302865,0,0,0.05573744919115688,0,0,0.2569807413735284,0.111075291475718,0,0,0,0,0,0,0.007240096896248247,0,0,0,0,0,0.01821662500721235,0.06938212516036815,0,0,0,0,0,0,0,0,0,0,0,0,0,0,0,0.02531138135090602,0,0,0.007553065183495443,0,0,0.08116282164988776,0,0,0.009259046600004373,0.03147679742414933
0,0,0,0,0,0,0.021229295318270853,0,0,0,0,0,0.05581849134413452,0.039010861839692296,0,0,0,0,0,0,0,0,0,0,0,0,0,0,0,0.16837098530534034,0,0,0.004131449701490368,0,0,0.04852592091431577,0,0,0.2494144334426947,0.10898230497295151,0,0,0,0,0,0,0.00743835174526076,0,0,0,0,0,0.018314995393544052,0.0772403401372169,0,0,0,0,0,0,0,0,0,0,0,0,0,0,0,0.025594484278306805,0,0,0.008280252649644531,0,0,0.07333188823510889,0,0,0.009243252882944742,0.0313249039391484
0,0,0,0,0,0,0.02084151636966386,0,0,0,0,0,0.059417418307057615,0.040452823470238465,0,0,0,0,0,0,0,0,0,0,0,0,0,0,0,0.16531283183559017,0,0,0.004400264144294214,0,0,0.04182679504489487,0,0,0.24114730615098287,0.10648890381769488,0,0,0,0,0,0,0.007636671671278798,0,0,0,0,0,0.01838465383623282,0.08481652518985568,0,0,0,0,0,0,0,0,0,0,0,0,0,0,0,0.025889909296716352,0,0,0.009053750408392026,0,0,0.06610462645312655,0,0,0.009249990826009719,0.031247561502303872
0,0,0,0,0,0,0.02039806937043309,0,0,0,0,0,0.06290768935436608,0.041901616538840225,0,0,0,0,0,0,0,0,0,0,0,0,0,0,0,0.16207872537156603,0,0,0.004845667711413657,0,0,0.03579587143347937,0,0,0.23253946926073712,0.10371626931582265,0,0,0,0,0,0,0.007833043297094154,0,0,0,0,0,0.018427239870653582,0.09188500553465219,0,0,0,0,0,0,0,0,0,0,0,0,0,0,0,0.026179570572124583,0,0,0.009849627540745448,0,0,0.05967059757694991,0,0,0.00927636219525835,0.03123047154620325
0,0,0,0,0,0,0.019929730830765376,0,0,0,0,0,0.06616705500246078,0.04332401882343085,0,0,0,0,0,0,0,0,0,0,0,0,0,0,0,0.15879143601148915,0,0,0.005389495003347813,0,0,0.03053758889840079,0,0,0.22395837515286662,0.10080939439007414,0,0,0,0,0,0,0.008024720891005602,0,0,0,0,0,0.01844624783452632,0.09825058265588342,0,0,0,0,0,0,0,0,0,0,0,0,0,0,0,0.026449331179932194,0,0,0.01064246661203108,0,0,0.05415158683318057,0,0,0.009317956160339343,0.031258529862321326
0,0,0,0,0,0,0.01946539433660593,0,0,0,0,0,0.06909577399689187,0.044682402798654895,0,0,0,0,0,0,0,0,0,0,0,0,0,0,0,0.15558127136570601,0,0,0.005964724251336682,0,0,0.02610455280929143,0,0,0.21575628956233214,0.09792126371694365,0,0,0,0,0,0,0.008208123949332999,0,0,0,0,0,0.018446461043413055,0.1037657811607382,0,0,0,0,0,0,0,0,0,0,0,0,0,0,0,0.026689177909676932,0,0,0.01140643623612239,0,0,0.04959979213469498,0,0,0.00936947572838603,0.0313170321788371
0,0,0,0,0,0,0.01903014906118052,0,0,0,0,0,0.07162203713893288,0.04593796312738616,0,0,0,0,0,0,0,0,0,0,0,0,0,0,0,0.15257623921794045,0,0,0.0065180751500269005,0,0,0.02250043264005436,0,0,0.20824614499115948,0.09519674373581044,0,0,0,0,0,0,0.00837897561487697,0,0,0,0,0,0.018433308892630354,0.108343645581694,0,0,0,0,0,0,0,0,0,0,0,0,0,0,0,0.026893072166728173,0,0,0.012116725879682738,0,0,0.04600185757720398,0,0,0.009425398283744429,0.03139254982110094
0,0,0,0,0,0,0.0186437211158408,0,0,0,0,0,0.07370563875635926,0.04705490757074396,0,0,0,0,0,0,0,0,0,0,0,0,0,0,0,0.14988975094810023,0,0,0.007011294290931065,0,0,0.019685789783353846,0,0,0.20167793655688876,0.09275813061026796,0,0,0,0,0,0,0.008532700077499768,0,0,0,0,0,0.01841222339974085,0.11196406925713703,0,0,0,0,0,0,0,0,0,0,0,0,0,0,0,0.027058565425253155,0,0,0.012751279574831392,0,0,0.04328837310587705,0,0,0.009480587644924068,0.03147355628956961
0,0,0,0,0,0,0.01831936294777158,0,0,0,0,0,0.07533920494308383,0.04800493527955295,0,0,0,0,0,0,0,0,0,0,0,0,0,0,0,0.1476084196830741,0,0,0.007421174662804952,0,0,0.01758622338934938,0,0,0.1962185259905895,0.09069386182397275,0,0,0,0,0,0,0.008665040119027046,0,0,0,0,0,0.01838808497140148,0.11467278826571554,0,0,0,0,0,0,0,0,0,0,0,0,0,0,0,0.027186271673104112,0,0,0.013292687651986072,0,0,0.0413477608853137,0,0,0.009530801670416096,0.03155089947096936
0,0,0,0,0,0,0.018063349451232828,0,0,0,0,0,0.07654654522723935,0.04877116066738263,0,0,0,0,0,0,0,0,0,0,0,0,0,0,0,0.14578230739118395,0,0,0.007738420495288374,0,0,0.016102139709650548,0,0,0.19193821025658434,0.08905148188673874,0,0,0,0,0,0,0.008772803332857217,0,0,0,0,0,0.018364810735835926,0.11657244101212641,0,0,0,0,0,0,0,0,0,0,0,0,0,0,0,0.027279260564563153,0,0,0.013730020098719386,0,0,0.04004280367153051,0,0,0.009573053317337802,0.031618115451952325
0,0,0,0,0,0,0.01787515155127887,0,0,0,0,0,0.07737796880565304,0.04935071494789908,0,0,0,0,0,0,0,0,0,0,0,0,0,0,0,0.14441957161366542,0,0,0.00796551058083122,0,0,0.01511936425862108,0,0,0.18880747420599384,0.08783557017288991,0,0,0,0,0,0,0.008854591654421403,0,0,0,0,0,0.01834509610381988,0.1178058711246006,0,0,0,0,0,0,0,0,0,0,0,0,0,0,0,0.027342403681673334,0,0,0.01406030792967236,0,0,0.039227571138920565,0,0,0.00960579482158549,0.031671509095040504
0,0,0,0,0,0,0.017748283357087977,0,0,0,0,0,0.07790258067286981,0.049755386091117446,0,0,0,0,0,0,0,0,0,0,0,0,0,0,0,0.14348682836557503,0,0,0.008113778075440324,0,0,0.014519800736414136,0,0,0.18670598183634704,0.0870109863904407,0,0,0,0,0,0,0.00891132068913025,0,0,0,0,0,0.018330324531406046,0.11853435836833735,0,0,0,0,0,0,0,0,0,0,0,0,0,0,0,0.027381690279127326,0,0,0.014289304570849547,0,0,0.03876261831579795,0,0,0.009628897686737569,0.03170997776506756
0,0,0,0,0,0,0.017671777825498024,0,0,0,0,0,0.0781982969757059,0.050009987454630304,0,0,0,0,0,0,0,0,0,0,0,0,0,0,0,0.1429158217355196,0,0,0.008200009108267176,0,0,0.01419136909833317,0,0,0.18544386404761248,0.08651132019909057,0,0,0,0,0,0,0.008946300443227128,0,0,0,0,0,0.018320661611452967,0.11891541450127208,0,0,0,0,0,0,0,0,0,0,0,0,0,0,0,0.027403500205400902,0,0,0.014431098951544699,0,0,0.03852686563420849,0,0,0.009643427571025022,0.03173461072593637
0,0,0,0,0,0,0.01763217781755024,0,0,0,0,0,0.07834121160887833,0.05014862330953813,0,0,0,0,0,0,0,0,0,0,0,0,0,0,0,0.1426158733162716,0,0,0.008242916778341599,0,0,0.01403644447022349,0,0,0.1847932811590738,0.08625170081058489,0,0,0,0,0,0,0.008964680507431076,0,0,0,0,0,0.018315327064905882,0.11908447300294853,0,0,0,0,0,0,0,0,0,0,0,0,0,0,0,0.02741385741016084,0,0,0.014506159306993375,0,0,0.03842505213957135,0,0,0.00965126403411106,0.03174809786620415
0,0,0,0,0,0,0.0176158415324125,0,0,0,0,0,0.078396234955507,0.05020933248701967,0,0,0,0,0,0,0,0,0,0,0,0,0,0,0,0.14249035594846637,0,0,0.008259894022438893,0,0,0.013978022330494817,0,0,0.18452605112830597,0.08614428921902989,0,0,0,0,0,0,0.008972323946133455,0,0,0,0,0,0.018313007192172704,0.11914341837514336,0,0,0,0,0,0,0,0,0,0,0,0,0,0,0,0.02741776682480993,0,0,0.014537653242365585,0,0,0.03839032709259387,0,0,0.009654635054336468,0.031753967579298624
0,0,0,0,0,0,0.017611222875290152,0,0,0,0,0,0.0784107634856298,0.05022770017583383,0,0,0,0,0,0,0,0,0,0,0,0,0,0,0,0.14245438465622057,0,0,0.008264492420277318,0,0,0.013962871268278236,0,0,0.1844508343703331,0.08611385759196735,0,0,0,0,0,0,0.008974488635133556,0,0,0,0,0,0.018312321333095648,0.11915728310537148,0,0,0,0,0,0,0,0,0,0,0,0,0,0,0,0.02741877839341115,0,0,0.014546655716739704,0,0,0.03838228851177771,0,0,0.009655630200684544,0.03175571253758105
0,0,0,0,0,0,0.017610607854806965,0,0,0,0,0,0.07841257507355524,0.05023032772864231,0,0,0,0,0,0,0,0,0,0,0,0,0,0,0,0.14244953482542672,0,0,0.008265079482891836,0,0,0.013961010444262094,0,0,0.18444086224117925,0.08610979944391328,0,0,0,0,0,0,0.008974775846467385,0,0,0,0,0,0.01831222635258006,0.11915879750152977,0,0,0,0,0,0,0,0,0,0,0,0,0,0,0,0.02741890234923084,0,0,0.014547860985724942,0,0,0.038381417797091345,0,0,0.009655768621591867,0.031755955191559423
